Date,Production_Tonnes,Target_Tonnes,Achievement_Percent,Yield_Percent,Downtime_Hours,Downtime_Primary_Reason,Energy_Consumption_MWh,Energy_Rate_kWh_per_Tonne,Energy_Cost_INR,Coal_Consumption_Tonnes,Coal_Rate_kg_per_Tonne,Steam_Consumption_Tonnes,Steam_Rate_per_Tonne,Water_Consumption_KL,Water_Rate_KL_per_Tonne,Defect_Percent,Defect_Tonnes,Manufacturing_Cost_per_Tonne_INR,Total_Manufacturing_Cost_INR,Selling_Price_per_Tonne_INR,Revenue_INR,Profit_per_Tonne_INR
2025-01-01,2030.51,2409.72,84.26,92.66,3.71,Minor Stoppage,1415.09,696.9,10170387.01,988.08,486.6,2765.57,1.362,7836.62,3.859,1.38,27.96,30782.64,62504525.53,47537.71,96525911.33,16755.07
2025-01-02,2291.61,2386.38,96.03,92.59,0.15,Normal,1572.97,686.4,11252359.52,1149.85,501.8,3327.11,1.452,10227.64,4.463,1.38,31.61,31093.08,71253364.82,47410.78,108647251.31,16317.7
2025-01-03,2243.63,2412.34,93.01,93.54,0.21,Normal,1534.89,684.1,10976182.3,1098.44,489.6,3282.77,1.463,9567.48,4.264,1.43,32.12,31198.94,69998944.02,47199.22,105897699.73,16000.28
2025-01-04,2221.5,2404.86,92.38,93.62,0.7,Normal,1561.26,702.8,11126948.53,1087.28,489.4,3247.1,1.462,8782.9,3.954,1.49,33.13,30690.23,68178460.39,47055.67,104534355.03,16365.44
2025-01-05,2021.97,2412.19,83.82,91.96,3.31,Minor Stoppage,1465.18,724.6,10442100.62,1057.82,523.2,3047.03,1.507,7936.72,3.925,1.87,37.89,31135.34,62954615.93,46817.17,94662740.39,15681.83
2025-01-06,2132.11,2396.7,88.96,92.67,1.5,Normal,1474.4,691.5,10485834.39,1075.09,504.2,3078.41,1.444,8353.78,3.918,1.79,38.13,30953.05,65995209.35,46641.54,99444765.67,15688.5
2025-01-07,2123.53,2404.44,88.32,92.77,1.37,Normal,1407.63,662.9,10005584.27,1066.59,502.3,3229.04,1.521,8454.59,3.981,1.38,29.27,30388.18,64530134.45,46638.36,99037855.65,16250.19
2025-01-08,1675.78,2400.9,69.8,91.38,6.57,Minor Stoppage,1104.77,659.3,7891844.82,852.19,508.5,2701.73,1.612,6115.82,3.65,1.96,32.78,31365.68,52562011.75,46901.22,78596167.47,15535.54
2025-01-09,2175.62,2385.14,91.22,93.34,0.56,Normal,1506.53,692.5,10721728.4,1137.63,522.9,3405.03,1.565,8033.02,3.692,1.0,21.76,31089.54,67639154.79,47058.07,102380696.21,15968.54
2025-01-10,2182.55,2375.89,91.86,93.52,1.28,Normal,1411.89,646.9,10071661.74,1092.03,500.3,3155.09,1.446,8856.92,4.058,1.0,21.83,31133.66,67950735.02,46972.35,102519445.3,15838.69
2025-01-11,2136.65,2427.99,88.0,93.39,1.66,Minor Stoppage,1410.02,659.9,10100520.15,1073.52,502.4,3163.03,1.48,8143.99,3.812,1.61,34.42,30847.83,65911057.69,46874.46,100154371.34,16026.63
2025-01-12,2173.04,2398.84,90.59,93.86,1.48,Normal,1622.36,746.6,11653638.9,1042.13,479.6,3220.72,1.482,9080.07,4.179,1.02,22.19,31265.08,67940422.84,46865.72,101841305.3,15600.64
2025-01-13,2302.17,2387.3,96.43,92.71,0.12,Normal,1594.93,692.8,11415897.34,1145.94,497.8,3519.14,1.529,9531.42,4.14,1.55,35.77,31508.63,72538080.26,46992.17,108183769.8,15483.55
2025-01-14,2287.95,2379.33,96.16,95.69,0.34,Normal,1600.68,699.6,11504501.33,1159.36,506.7,3290.47,1.438,9016.33,3.941,1.0,22.88,30924.1,70752688.12,47002.0,107538065.3,16077.9
2025-01-15,2321.43,2434.72,95.35,94.13,0.05,Normal,1510.13,650.5,10822783.98,1177.51,507.2,3490.61,1.504,8907.57,3.837,1.02,23.73,31822.86,73874601.3,47078.07,109288513.42,15255.2
2025-01-16,2129.36,2369.62,89.86,92.98,1.28,Normal,1498.45,703.7,10686613.05,1041.21,489.0,3494.78,1.641,8733.03,4.101,1.56,33.16,30652.22,65269615.03,47188.21,100480708.15,16535.99
2025-01-17,2145.79,2431.83,88.24,92.16,2.62,Minor Stoppage,1512.19,704.7,10744097.45,1059.86,493.9,3175.32,1.48,7913.77,3.688,1.83,39.21,31627.91,67866702.39,47016.59,100887522.12,15388.69
2025-01-18,2245.95,2393.4,93.84,93.08,1.21,Normal,1556.95,693.2,11072914.73,1087.48,484.2,3389.32,1.509,9355.58,4.166,1.08,24.18,31524.78,70803092.24,46868.06,105263318.78,15343.27
2025-01-19,2184.25,2432.0,89.81,92.64,1.61,Minor Stoppage,1541.1,705.6,10940257.19,1056.74,483.8,3530.19,1.616,8934.67,4.091,1.59,34.66,31228.4,68210560.68,46792.49,102206379.54,15564.09
2025-01-20,2124.38,2413.15,88.03,91.8,1.78,Minor Stoppage,1423.44,670.1,10156073.46,1110.95,523.0,3231.03,1.521,8503.97,4.003,1.45,30.85,31358.03,66616395.58,46729.71,99271686.8,15371.68
2025-01-21,2289.47,2414.24,94.83,93.05,0.83,Normal,1670.43,729.6,11973328.85,1059.44,462.7,3215.02,1.404,9598.98,4.193,1.2,27.45,31272.19,71596687.29,46645.81,106794097.24,15373.62
2025-01-22,1911.64,2399.87,79.66,91.64,4.36,Minor Stoppage,1325.81,693.5,9514219.09,928.82,485.9,2646.0,1.384,6973.91,3.648,1.63,31.17,30843.79,58962098.79,46620.2,89120857.45,15776.41
2025-01-23,1972.6,2404.66,82.03,91.64,3.59,Minor Stoppage,1341.79,680.2,9643287.01,947.07,480.1,2941.74,1.491,8088.51,4.1,1.87,36.88,31396.06,61931911.91,46572.05,91868105.39,15176.0
2025-01-24,2216.29,2403.36,92.22,93.42,1.08,Normal,1560.92,704.3,11320512.2,1066.45,481.2,3712.7,1.675,8417.31,3.798,1.69,37.4,30909.04,68503467.28,46500.12,103057851.1,15591.08
2025-01-25,2244.86,2368.14,94.79,94.42,0.59,Normal,1485.87,661.9,10737674.37,1131.08,503.9,3579.11,1.594,8716.13,3.883,1.19,26.68,30524.14,68522433.23,46662.59,104751014.83,16138.45
2025-01-26,2021.18,2398.28,84.28,92.46,3.04,Minor Stoppage,1414.25,699.7,10176220.55,995.3,492.4,3146.83,1.557,7516.43,3.719,1.45,29.36,30597.04,61842020.41,46815.91,94623226.63,16218.87
2025-01-27,2333.76,2404.98,97.04,93.39,0.44,Normal,1690.44,724.3,12152546.94,1196.02,512.5,3320.49,1.423,9735.31,4.172,1.88,43.95,31570.9,73678907.29,46604.86,108764551.31,15033.96
2025-01-28,2077.0,2382.25,87.19,93.64,1.29,Normal,1410.47,679.1,10174954.1,1017.59,489.9,3182.48,1.532,8890.94,4.281,1.28,26.52,30627.62,63613491.28,46590.11,96767540.41,15962.49
2025-01-29,2312.81,2398.87,96.41,94.64,0.26,Normal,1536.33,664.3,11062509.5,1110.89,480.3,3433.78,1.485,9284.49,4.014,1.0,23.13,30267.53,70003196.79,46577.88,107725997.27,16310.34
2025-01-30,2204.02,2400.63,91.81,93.41,1.72,Minor Stoppage,1458.97,662.0,10532314.4,1069.28,485.1,3251.24,1.475,8470.87,3.843,1.07,23.61,30334.83,66858599.63,46680.05,102883797.33,16345.22
2025-01-31,2240.82,2385.18,93.95,94.03,1.09,Normal,1473.59,657.6,10599374.67,1101.67,491.6,3243.93,1.448,8530.13,3.807,1.0,22.41,30936.11,69322370.16,46706.23,104660426.27,15770.12
2025-02-01,2116.3,2433.66,86.96,93.99,2.66,Minor Stoppage,1411.61,667.0,10220514.33,1032.79,488.0,2952.73,1.395,7452.69,3.522,1.36,28.71,31480.61,66622569.73,46709.56,98851661.91,15228.95
2025-02-02,2255.98,2421.91,93.15,93.02,0.72,Normal,1491.67,661.2,10775801.81,1015.08,450.0,3368.65,1.493,9157.77,4.059,1.27,28.63,31232.97,70460950.01,46622.68,105179807.87,15389.7
2025-02-03,2167.82,2412.01,89.88,93.45,1.74,Minor Stoppage,1443.95,666.1,10387692.86,1083.99,500.0,3198.53,1.475,7845.17,3.619,1.01,21.98,31324.57,67905923.57,46485.98,100773064.24,15161.4
2025-02-04,1525.34,2424.02,62.93,90.41,7.81,Minor Stoppage,1098.3,720.0,7926506.7,735.18,482.0,2162.0,1.417,6166.09,4.042,2.54,38.68,31288.72,47725951.88,46544.54,70996282.67,15255.83
2025-02-05,2271.26,2443.7,92.94,92.98,0.94,Normal,1580.04,695.7,11452291.88,1034.0,455.3,3579.07,1.576,8943.01,3.937,1.31,29.78,31594.94,71760289.95,46463.37,105530352.29,14868.43
2025-02-06,2012.5,2386.55,84.33,92.43,2.65,Minor Stoppage,1422.03,706.6,10311143.93,964.14,479.1,3110.35,1.546,7609.87,3.781,1.85,37.18,31071.11,62530641.69,46524.5,93630603.96,15453.39
2025-02-07,2113.03,2438.71,86.65,91.97,2.49,Minor Stoppage,1529.51,723.8,11108904.97,1032.73,488.7,3094.39,1.464,8226.35,3.893,1.51,31.99,31010.47,65526165.83,46640.16,98552220.49,15629.69
2025-02-08,2061.04,2434.6,84.66,91.68,3.38,Minor Stoppage,1425.27,691.5,10387552.53,987.16,479.0,3527.43,1.711,8139.63,3.949,1.71,35.18,31242.77,64392480.55,46854.02,96567845.19,15611.25
2025-02-09,2235.67,2428.85,92.05,92.23,1.32,Normal,1541.85,689.7,11241783.07,1103.02,493.4,3447.21,1.542,8613.98,3.853,2.23,49.94,31279.41,69930368.54,46982.54,105037369.76,15703.14
2025-02-10,1325.35,2411.26,54.97,88.99,10.04,Planned Maintenance,927.55,699.9,6727003.03,625.15,471.7,1960.5,1.479,4803.35,3.624,3.05,40.41,31316.13,41504777.61,46949.81,62224848.48,15633.68
2025-02-11,638.53,2379.55,26.83,88.09,17.32,Planned Maintenance,431.79,676.2,3138180.83,306.89,480.6,965.87,1.513,2445.94,3.831,2.57,16.39,31408.63,20055198.84,46855.91,29918671.1,15447.28
2025-02-12,1590.32,2430.11,65.44,90.35,7.78,Unplanned Breakdown,1091.32,686.2,7980845.23,711.32,447.3,2121.7,1.334,6225.05,3.914,2.36,37.52,31266.4,49723731.03,46687.01,74247503.5,15420.61
2025-02-13,2382.58,2408.33,98.93,93.97,0.26,Normal,1658.65,696.2,12073583.3,1156.88,485.6,3709.77,1.557,9387.17,3.94,1.44,34.35,31117.68,74140358.14,46772.32,111438809.81,15654.65
2025-02-14,2326.18,2426.66,95.86,93.6,0.72,Normal,1599.8,687.7,11585144.79,1190.15,511.6,3684.48,1.584,8895.11,3.824,1.1,25.49,30673.39,71351813.56,46585.53,108366308.44,15912.14
2025-02-15,2409.82,2429.09,99.21,93.56,0.19,Normal,1605.28,666.1,11644044.1,1191.23,494.3,3643.7,1.512,9420.21,3.909,1.18,28.32,31179.81,75137668.0,46622.46,112351650.45,15442.65
2025-02-16,2329.5,2394.35,97.29,93.45,0.17,Normal,1553.08,666.7,11229161.68,1161.32,498.5,3176.96,1.364,9917.37,4.257,1.35,31.36,31358.17,73048945.96,46653.19,108678734.55,15295.02
2025-02-17,1991.8,2434.74,81.81,90.97,4.07,Minor Stoppage,1343.47,674.5,9714661.19,1004.5,504.3,2867.33,1.44,7662.68,3.847,1.73,34.39,30740.81,61229464.97,46542.4,92703022.84,15801.59
2025-02-18,2334.89,2399.72,97.3,93.68,0.32,Normal,1535.9,657.8,11138410.99,1131.58,484.6,3484.39,1.492,10010.42,4.287,1.22,28.39,30971.57,72315241.84,46538.2,108661644.96,15566.64
2025-02-19,2396.63,2446.56,97.96,93.7,0.52,Normal,1665.07,694.8,11996704.46,1154.96,481.9,3713.94,1.55,9692.98,4.044,1.45,34.69,30732.29,73653822.63,46583.82,111644015.1,15851.53
2025-02-20,2217.8,2429.16,91.3,92.83,1.79,Minor Stoppage,1537.86,693.4,11089779.58,1108.65,499.9,3513.56,1.584,8849.28,3.99,1.0,22.18,31365.49,69562512.23,46587.22,103321329.77,15221.73
2025-02-21,2076.29,2420.45,85.78,92.39,2.44,Minor Stoppage,1432.65,690.0,10310526.49,1074.7,517.6,3041.4,1.465,9056.26,4.362,1.52,31.6,31233.92,64850738.72,46711.04,96985771.29,15477.13
2025-02-22,1315.72,2397.72,54.87,90.22,10.6,Unplanned Breakdown,952.2,723.7,6833246.33,639.21,485.8,2006.62,1.525,4709.68,3.58,2.39,31.42,30617.44,40283989.16,46606.33,61320891.88,15988.89
2025-02-23,2233.57,2431.9,91.84,92.07,0.77,Normal,1471.82,659.0,10592362.79,1098.95,492.0,3231.72,1.447,9585.96,4.292,1.36,30.45,31710.01,70826366.08,46417.93,103677471.49,14707.92
2025-02-24,2250.06,2421.11,92.94,92.99,0.6,Normal,1513.59,672.7,10839719.91,1146.02,509.3,3307.31,1.47,8603.56,3.824,1.35,30.41,30878.05,69477525.59,46700.82,105079740.47,15822.77
2025-02-25,2318.7,2434.07,95.26,93.69,0.39,Normal,1525.65,658.0,10930828.11,1074.78,463.5,3301.7,1.424,8787.33,3.79,1.48,34.4,31135.33,72193342.92,46784.19,108478278.48,15648.86
2025-02-26,2346.6,2404.09,97.61,92.69,0.37,Normal,1630.42,694.8,11693248.36,1174.47,500.5,3596.04,1.532,9805.86,4.179,1.02,23.85,31278.8,73398795.33,46887.08,110025189.17,15608.29
2025-02-27,1969.55,2435.13,80.88,91.69,3.73,Minor Stoppage,1377.89,699.6,9899384.46,989.12,502.2,3083.17,1.565,7144.84,3.628,1.65,32.5,31196.48,61443014.75,46897.88,92367688.99,15701.4
2025-02-28,2342.5,2431.3,96.35,93.2,0.17,Normal,1598.52,682.4,11542517.58,1098.76,469.1,3478.83,1.485,9133.03,3.899,1.49,34.94,31080.42,72806013.49,46918.83,109907554.35,15838.41
2025-03-01,1182.93,2422.85,48.82,89.63,11.71,Unplanned Breakdown,820.78,693.9,5912969.01,625.61,528.9,1816.04,1.535,4583.26,3.874,3.05,36.09,30984.5,36652594.47,47003.84,55602406.39,16019.34
2025-03-02,2343.44,2453.66,95.51,93.24,0.56,Normal,1533.25,654.3,10975505.07,1130.82,482.5,3469.94,1.481,9580.03,4.088,1.87,43.79,30722.83,71997195.52,47177.09,110556825.56,16454.26
2025-03-03,2103.46,2448.77,85.9,92.8,2.79,Minor Stoppage,1459.8,694.0,10477864.08,1091.54,518.9,3140.1,1.493,9171.16,4.36,1.64,34.53,30923.42,65046300.86,47393.2,99689894.17,16469.78
2025-03-04,2390.3,2449.4,97.59,93.06,0.15,Normal,1516.72,634.5,10865835.41,1078.91,451.4,3735.72,1.563,9815.46,4.106,1.25,29.78,30752.55,73507908.69,47387.48,113270438.55,16634.93
2025-03-05,2330.02,2449.95,95.1,93.43,0.24,Normal,1466.11,629.2,10492364.89,1124.76,482.7,3830.12,1.644,9693.37,4.16,1.31,30.55,30878.58,71947694.88,47456.19,110573844.2,16577.61
2025-03-06,2147.76,2470.99,86.92,92.27,2.41,Minor Stoppage,1492.18,694.8,10719036.03,1087.69,506.4,3447.99,1.605,8697.12,4.049,1.87,40.07,31901.52,68516654.15,47373.48,101746641.28,15471.96
2025-03-07,2230.22,2476.04,90.07,92.76,1.29,Normal,1546.82,693.6,11135828.55,1080.93,484.7,3653.56,1.638,9164.16,4.109,1.39,30.97,31166.55,69508328.88,47387.89,105685507.1,16221.34
2025-03-08,1836.02,2459.2,74.66,91.39,5.84,Unplanned Breakdown,1304.08,710.3,9315317.67,879.03,478.8,2738.55,1.492,8161.49,4.445,2.24,41.2,30637.13,56250388.94,47319.16,86878910.36,16682.02
2025-03-09,2314.4,2462.01,94.0,93.52,1.27,Normal,1533.92,662.8,10972024.74,1133.48,489.8,3442.58,1.487,9872.3,4.266,1.34,30.96,30308.31,70145530.79,47347.38,109580745.55,17039.07
2025-03-10,2242.87,2432.67,92.2,92.25,1.45,Normal,1496.7,667.3,10635919.76,1099.22,490.1,3317.78,1.479,9663.22,4.308,2.0,44.77,31334.4,70278905.92,47180.34,105819258.93,15845.94
2025-03-11,1348.31,2437.42,55.32,91.19,10.15,Unplanned Breakdown,943.78,700.0,6735950.62,673.21,499.3,2014.74,1.494,5380.69,3.991,2.15,28.95,31403.08,42341023.3,47186.57,63622041.39,15783.5
2025-03-12,2321.3,2460.99,94.32,93.37,0.98,Normal,1411.66,608.1,10163682.55,1143.21,492.5,3595.75,1.549,8673.89,3.737,1.57,36.48,30919.0,71772347.69,47416.26,110067472.1,16497.26
2025-03-13,2238.94,2447.14,91.49,93.26,1.32,Normal,1521.42,679.5,10963096.05,1150.62,513.9,3472.81,1.551,8315.96,3.714,2.03,45.46,31793.35,71183255.93,47278.7,105853929.0,15485.34
2025-03-14,2104.62,2454.54,85.74,92.94,2.56,Minor Stoppage,1347.2,640.1,9669966.33,1081.45,513.8,3263.91,1.551,9097.09,4.322,1.53,32.14,31057.9,65365100.15,47293.16,99534154.73,16235.26
2025-03-15,2251.02,2434.57,92.46,92.5,0.19,Normal,1466.92,651.7,10502890.17,1121.13,498.1,3652.78,1.623,7738.41,3.438,1.48,33.4,30892.25,69539204.07,47300.25,106474028.48,16408.01
2025-03-16,2315.73,2466.89,93.87,94.14,0.64,Normal,1703.56,735.6,12234251.86,1174.63,507.2,3546.23,1.531,9153.57,3.953,1.0,23.16,31290.09,72459447.41,47296.21,109525323.44,16006.12
2025-03-17,2266.82,2435.74,93.06,92.22,0.37,Normal,1638.85,723.0,11807529.99,1097.46,484.1,3371.36,1.487,8518.04,3.758,1.79,40.6,31386.72,71148083.47,47517.81,107714385.96,16131.09
2025-03-18,2200.91,2453.33,89.71,93.9,1.25,Normal,1461.22,663.9,10530538.3,1108.15,503.5,3368.97,1.531,8647.4,3.929,1.06,23.37,31262.01,68804832.81,47577.76,104714304.16,16315.75
2025-03-19,2053.7,2430.55,84.5,92.95,2.85,Minor Stoppage,1442.26,702.3,10369651.02,1083.84,527.8,2952.07,1.437,9355.99,4.556,1.21,24.8,30684.17,63016058.9,47640.69,97839657.49,16956.52
2025-03-20,1526.77,2438.98,62.6,91.08,8.58,Unplanned Breakdown,1031.73,675.8,7375569.6,753.33,493.4,2490.37,1.631,6747.46,4.419,2.74,41.78,31089.96,47467321.39,47708.96,72840783.77,16619.01
2025-03-21,2308.02,2474.43,93.28,92.9,0.7,Normal,1537.49,666.1,10934686.83,1143.89,495.6,3174.75,1.376,9423.02,4.083,1.13,26.06,31343.53,72341623.04,47469.72,109561236.58,16126.18
2025-03-22,2335.44,2455.61,95.11,94.46,0.22,Normal,1539.38,659.1,10902366.51,1182.5,506.3,3799.0,1.627,9162.63,3.923,1.0,23.35,31460.41,73473786.07,47323.97,110522115.7,15863.56
2025-03-23,2345.13,2441.99,96.03,93.91,0.15,Normal,1662.74,709.0,11738689.5,1170.35,499.1,3612.21,1.54,9721.98,4.146,1.1,25.85,30615.78,71798095.85,47217.2,110730658.21,16601.42
2025-03-24,2233.15,2439.44,91.54,92.25,0.83,Normal,1466.53,656.7,10390297.66,1106.66,495.6,3280.97,1.469,9191.62,4.116,2.31,51.56,31007.06,69243313.92,47357.16,105755481.25,16350.1
2025-03-25,2135.45,2458.53,86.86,92.64,1.85,Minor Stoppage,1529.55,716.3,10839087.24,1063.6,498.1,3624.26,1.697,8381.55,3.925,1.22,25.95,30802.56,65777178.41,47420.72,101264361.93,16618.16
2025-03-26,2241.04,2412.11,92.91,93.14,1.13,Normal,1490.95,665.3,10436392.43,1121.15,500.3,3458.4,1.543,8245.64,3.679,1.0,22.41,30583.25,68538395.23,47470.78,106384088.12,16887.53
2025-03-27,1436.53,2439.67,58.88,90.11,9.17,Unplanned Breakdown,1002.44,697.8,7021693.44,711.16,495.1,2263.91,1.576,5212.83,3.629,2.3,32.97,30204.03,43388862.78,47582.9,68354064.68,17378.87
2025-03-28,2287.96,2429.5,94.17,93.66,0.84,Normal,1406.13,614.6,9826349.31,1148.68,502.1,3429.15,1.499,9483.21,4.145,1.0,22.88,30955.46,70825002.63,47466.13,108600845.28,16510.67
2025-03-29,2271.11,2467.95,92.02,92.65,0.9,Normal,1649.23,726.2,11457326.12,1058.24,466.0,3285.1,1.446,9674.88,4.26,1.47,33.37,30734.71,69801918.1,47685.25,108298477.99,16950.55
2025-03-30,2416.33,2460.17,98.22,92.92,0.62,Normal,1666.79,689.8,11644404.37,1264.0,523.1,3713.41,1.537,9255.93,3.831,1.65,39.88,31701.07,76600288.9,47701.64,115262964.88,16000.57
2025-03-31,1255.08,2444.52,51.34,90.42,11.01,Unplanned Breakdown,827.23,659.1,5796042.88,647.42,515.8,1911.0,1.523,4798.23,3.823,2.01,25.19,30774.73,38624884.42,47807.19,60002068.14,17032.46
2025-04-01,2076.52,2469.11,84.1,91.82,3.21,Minor Stoppage,1489.54,717.3,10410435.84,1029.32,495.7,3238.67,1.56,9444.75,4.548,2.0,41.62,30767.15,63888569.1,47850.29,99362054.3,17083.15
2025-04-02,2214.69,2468.35,89.72,92.03,0.85,Normal,1527.16,689.6,10651230.66,1083.06,489.0,3084.53,1.393,10250.15,4.628,1.91,42.35,31148.89,68985193.09,47882.2,106044334.0,16733.32
2025-04-03,2389.08,2472.56,96.62,93.8,0.4,Normal,1651.75,691.4,11536356.29,1183.9,495.5,3738.95,1.565,10857.14,4.544,1.0,23.89,30950.58,73943501.32,47703.17,113966843.29,16752.59
2025-04-04,2091.61,2467.42,84.77,92.83,2.05,Minor Stoppage,1460.52,698.3,10215147.92,1069.24,511.2,3095.51,1.48,9192.84,4.395,2.0,41.91,31357.22,65587203.41,47591.96,99544019.38,16234.74
2025-04-05,2360.6,2479.32,95.21,94.13,0.67,Normal,1533.7,649.7,10739784.13,1230.32,521.2,3455.13,1.464,9902.53,4.195,1.0,23.61,30641.61,72332699.61,47340.67,111752563.05,16699.06
2025-04-06,2314.08,2468.84,93.73,92.53,1.47,Normal,1549.37,669.5,10857902.14,1110.66,480.0,3494.53,1.51,9783.98,4.228,1.91,44.27,31714.51,73389977.73,47567.06,110074101.29,15852.56
2025-04-07,2150.51,2484.46,86.56,93.42,2.47,Minor Stoppage,1428.1,664.1,10048661.36,1090.9,507.3,3151.48,1.465,8985.88,4.178,1.59,34.12,30732.37,66090259.86,47550.83,102258518.13,16818.46
2025-04-08,2373.81,2467.2,96.21,93.79,0.16,Normal,1547.56,651.9,10872966.81,1186.22,499.7,3788.35,1.596,9295.04,3.916,1.68,39.94,30600.27,72639269.33,47592.67,112976042.89,16992.41
2025-04-09,1453.39,2438.84,59.59,89.21,9.22,Unplanned Breakdown,1007.88,693.5,7067128.86,677.71,466.3,2044.06,1.406,5351.29,3.682,2.82,41.03,31153.79,45278614.17,47805.34,69479809.75,16651.55
2025-04-10,2285.55,2484.92,91.98,93.46,0.64,Normal,1624.67,710.8,11387191.98,1122.97,491.3,3386.91,1.482,10266.31,4.492,1.47,33.6,31300.37,71538456.85,47708.96,109041065.97,16408.59
2025-04-11,2199.67,2482.39,88.61,93.75,0.8,Normal,1478.09,672.0,10362747.7,1109.26,504.3,3439.27,1.564,8988.78,4.086,1.36,29.87,31049.55,68298662.86,47546.17,104585737.47,16496.62
2025-04-12,2244.26,2467.0,90.97,92.66,1.03,Normal,1598.13,712.1,11155622.79,1113.4,496.1,3398.06,1.514,9668.8,4.308,1.58,35.48,30668.04,68826950.32,47556.51,106729011.74,16888.47
2025-04-13,2390.26,2443.92,97.8,92.85,0.65,Normal,1715.12,717.5,11975198.5,1155.33,483.3,3700.59,1.548,10093.44,4.223,1.48,35.28,30761.05,73526852.57,47695.94,114005616.78,16934.89
2025-04-14,2353.54,2448.47,96.12,93.23,0.14,Normal,1621.59,689.0,11320606.79,1162.42,493.9,3696.24,1.571,9782.81,4.157,1.47,34.63,30929.3,72793325.25,47820.55,112547526.36,16891.24
2025-04-15,2039.29,2467.58,82.64,91.28,3.2,Minor Stoppage,1423.3,697.9,9994782.56,1053.06,516.4,3027.64,1.485,8351.35,4.095,2.06,42.05,31093.65,63409002.92,47938.46,97760475.53,16844.81
2025-04-16,2141.39,2469.85,86.7,92.39,2.24,Minor Stoppage,1481.64,691.9,10438238.63,1052.3,491.4,3246.98,1.516,9524.66,4.448,1.46,31.26,31065.28,66523003.58,48001.01,102789086.41,16935.73
2025-04-17,2235.74,2460.09,90.88,92.3,1.38,Normal,1532.82,685.6,10786537.86,1178.84,527.3,3460.28,1.548,9988.69,4.468,1.57,35.03,31087.28,69502940.22,48217.96,107802587.55,17130.67
2025-04-18,2209.57,2465.26,89.63,93.18,0.77,Normal,1477.84,668.8,10443645.57,1115.45,504.8,3241.76,1.467,9356.03,4.234,1.0,22.1,30214.5,66761080.77,48309.59,106743454.35,18095.09
2025-04-19,2441.34,2478.86,98.49,93.48,0.12,Normal,1683.04,689.4,11853880.7,1260.96,516.5,3764.41,1.542,10431.14,4.273,1.27,31.07,31192.27,76151080.44,48474.69,118343431.86,17282.42
2025-04-20,1809.38,2475.19,73.1,91.75,5.87,Unplanned Breakdown,1258.87,695.7,8884867.51,916.32,506.4,2679.15,1.481,8265.51,4.568,1.89,34.19,31688.43,57336405.02,48458.78,87680328.11,16770.34
2025-04-21,2082.59,2445.38,85.16,92.21,2.77,Minor Stoppage,1444.19,693.5,10201070.58,1057.48,507.8,3080.64,1.479,9548.06,4.585,1.65,34.34,31215.56,65009258.86,48346.52,100686054.61,17130.96
2025-04-22,2370.66,2476.29,95.73,93.52,0.58,Normal,1598.65,674.3,11275342.15,1172.65,494.7,3249.45,1.371,9806.41,4.137,1.77,41.98,30636.33,72628226.49,48460.56,114883349.66,17824.23
2025-04-23,1548.58,2485.66,62.3,90.1,8.45,Unplanned Breakdown,1087.54,702.3,7708422.44,773.94,499.8,2655.82,1.715,6113.0,3.947,2.43,37.56,30892.71,47839788.78,48637.45,75318918.72,17744.74
2025-04-24,2148.25,2454.72,87.52,93.41,2.34,Minor Stoppage,1407.06,655.0,10006245.88,1026.05,477.6,2809.44,1.308,9680.15,4.506,1.78,38.23,31125.09,66864506.63,48814.94,104866742.06,17689.85
2025-04-25,1794.66,2469.17,72.68,91.15,5.96,Minor Stoppage,1227.37,683.9,8652205.64,902.96,503.1,2595.88,1.446,7804.55,4.349,1.39,24.87,30951.85,55548037.17,48945.07,87839735.26,17993.22
2025-04-26,2325.33,2451.34,94.86,92.45,1.67,Minor Stoppage,1539.49,662.1,10864933.21,1155.37,496.9,3688.18,1.586,9999.42,4.3,1.54,35.7,30745.14,71492503.68,48779.75,113428853.02,18034.61
2025-04-27,2119.98,2432.13,87.17,93.27,2.24,Minor Stoppage,1451.22,684.5,10215206.96,1022.36,482.3,2805.3,1.323,8857.2,4.178,1.14,24.24,30798.0,65291134.16,48962.32,103799120.29,18164.32
2025-04-28,2189.64,2452.64,89.28,93.6,1.72,Minor Stoppage,1499.36,684.8,10588182.88,1098.91,501.9,3154.0,1.44,8705.42,3.976,1.0,21.9,30690.23,67200647.26,49283.69,107913701.7,18593.46
2025-04-29,2398.78,2452.72,97.8,93.77,0.04,Normal,1738.95,724.9,12241237.25,1146.64,478.0,3873.25,1.615,10871.32,4.532,1.38,33.22,31100.02,74602170.2,49065.37,117697142.64,17965.35
2025-04-30,2415.47,2449.6,98.61,92.89,0.06,Normal,1633.14,676.1,11436878.88,1153.73,477.6,3592.03,1.487,9775.0,4.047,1.88,45.5,31381.24,75800437.97,49047.3,118472274.25,17666.06
2025-05-01,2055.87,2469.29,83.26,93.66,2.77,Minor Stoppage,1394.28,678.2,9718248.12,1017.86,495.1,3151.11,1.533,8481.41,4.125,1.03,21.15,30696.71,63108437.49,48830.85,100389844.3,18134.13
2025-05-02,2302.87,2474.68,93.06,92.24,0.97,Normal,1608.03,698.3,11112174.5,1147.52,498.3,3500.45,1.52,10006.47,4.345,1.22,28.11,31238.1,71937409.18,48703.24,112157421.45,17465.14
2025-05-03,2291.23,2466.9,92.88,93.51,0.38,Normal,1505.26,657.0,10289993.88,1122.36,489.9,3211.47,1.402,10365.92,4.524,1.84,42.23,30684.72,70305699.41,48690.52,111561126.53,18005.81
2025-05-04,2431.49,2519.67,96.5,93.74,0.13,Normal,1657.07,681.5,11345535.05,1186.45,488.0,3768.14,1.55,10473.87,4.308,1.47,35.69,30943.69,75239220.21,48687.01,118381895.07,17743.32
2025-05-05,2264.9,2496.89,90.71,92.75,1.01,Normal,1624.71,717.3,11022331.23,1249.05,551.5,3387.4,1.496,10127.25,4.471,1.31,29.61,30932.14,70058188.15,48764.44,110446563.46,17832.3
2025-05-06,2275.63,2488.33,91.45,93.77,1.16,Normal,1377.66,605.4,9375506.72,1134.42,498.5,3618.1,1.59,10551.84,4.637,1.31,29.75,30494.25,69393728.51,48813.29,111081148.97,18319.04
2025-05-07,2409.92,2465.43,97.75,93.75,0.16,Normal,1667.42,691.9,11317820.65,1211.65,502.8,3844.1,1.595,11030.4,4.577,1.35,32.64,30893.61,74451237.76,48941.7,117945754.5,18048.09
2025-05-08,2323.32,2479.6,93.7,93.29,0.37,Normal,1563.97,673.2,10529132.29,1158.96,498.8,3607.51,1.553,10767.19,4.634,1.06,24.69,30114.99,69966821.57,48850.18,113494683.96,18735.18
2025-05-09,2389.06,2468.46,96.78,93.27,0.34,Normal,1507.11,630.8,10177359.98,1129.29,472.7,3843.65,1.609,9730.16,4.073,1.23,29.33,29662.54,70865641.45,48872.24,116758786.03,19209.7
2025-05-10,2147.66,2507.01,85.67,91.85,3.04,Minor Stoppage,1501.72,699.2,10190975.06,1169.78,544.7,3217.1,1.498,8499.87,3.958,1.95,41.78,30591.48,65700207.76,48823.12,104855635.8,18231.64
2025-05-11,2262.69,2472.14,91.53,93.06,1.24,Normal,1551.38,685.6,10568646.15,1084.71,479.4,3150.41,1.392,9492.4,4.195,1.28,28.96,30601.61,69241900.87,48928.05,110708935.0,18326.44
2025-05-12,2286.84,2483.94,92.07,92.99,1.29,Normal,1526.42,667.5,10289274.81,1126.46,492.6,3606.88,1.577,10768.83,4.709,1.48,33.93,30783.9,70398003.45,48951.73,111945000.6,18167.83
2025-05-13,2302.4,2470.74,93.19,92.96,0.76,Normal,1605.16,697.2,10752931.71,1044.53,453.7,3360.01,1.459,10045.5,4.363,1.41,32.52,30529.87,70291983.91,49126.03,113107785.47,18596.16
2025-05-14,2304.38,2484.9,92.74,92.96,1.42,Normal,1510.24,655.4,10048887.59,1174.59,509.7,3296.25,1.43,10787.63,4.681,1.62,37.25,30251.12,69710094.33,49323.15,113659290.5,19072.02
2025-05-15,2165.65,2466.49,87.8,92.73,1.91,Minor Stoppage,1425.03,658.0,9515735.1,1051.99,485.8,2804.54,1.295,9425.42,4.352,1.51,32.61,31507.53,68234191.65,49417.3,107020445.63,17909.77
2025-05-16,2256.2,2479.71,90.99,93.89,0.8,Normal,1571.23,696.4,10515008.11,1117.61,495.4,3320.39,1.472,9603.73,4.257,1.3,29.42,30700.91,69267308.93,49603.18,111914566.1,18902.27
2025-05-17,2369.98,2461.41,96.29,93.48,0.13,Normal,1626.2,686.2,10874431.57,1236.7,521.8,3535.39,1.492,9454.33,3.989,1.28,30.4,30570.91,72452430.61,49802.56,118031026.93,19231.64
2025-05-18,631.08,2480.31,25.44,87.18,17.7,Planned Maintenance,434.64,688.7,2899319.48,316.24,501.1,1017.96,1.613,2828.15,4.481,3.24,20.46,30716.58,19384720.02,49646.78,31331257.16,18930.21
2025-05-19,851.89,2503.67,34.03,87.36,15.39,Planned Maintenance,610.15,716.2,4089021.52,420.52,493.6,1220.92,1.433,4193.32,4.922,3.3,28.15,30316.86,25826576.16,49668.95,42312394.04,19352.09
2025-05-20,1351.75,2510.35,53.85,90.29,10.61,Planned Maintenance,1010.47,747.5,6715938.84,655.4,484.9,1894.38,1.401,6099.04,4.512,2.16,29.23,30819.7,41660457.66,49674.71,67147668.51,18855.01
2025-05-21,2253.14,2484.98,90.67,93.36,0.67,Normal,1564.27,694.3,10371811.2,1116.39,495.5,3155.6,1.401,9372.23,4.16,1.29,28.95,30866.28,69546125.57,49841.8,112300668.44,18975.52
2025-05-22,2219.42,2497.63,88.86,93.4,1.33,Normal,1544.94,696.1,10187097.97,1070.82,482.5,3455.92,1.557,9680.09,4.362,1.2,26.55,30219.38,67069434.37,49839.43,110614518.33,19620.05
2025-05-23,2361.49,2472.7,95.5,92.55,0.41,Normal,1629.41,690.0,10753926.52,1173.21,496.8,3430.35,1.453,10630.54,4.502,1.08,25.43,29981.39,70800855.25,50004.88,118086176.12,20023.48
2025-05-24,2300.27,2461.33,93.46,92.42,0.47,Normal,1586.41,689.7,10463460.32,1074.86,467.3,3935.16,1.711,9658.19,4.199,1.61,37.09,30956.91,71209187.06,50098.39,115239736.18,19141.48
2025-05-25,2029.78,2475.64,81.99,92.54,3.44,Minor Stoppage,1360.08,670.1,8930819.72,991.36,488.4,3159.91,1.557,9573.28,4.716,1.16,23.59,30417.12,61740146.91,50040.96,101572281.3,19623.84
2025-05-26,2176.65,2494.37,87.26,92.65,2.63,Minor Stoppage,1456.38,669.1,9492524.98,1104.48,507.4,3086.8,1.418,9016.8,4.143,1.84,40.04,30286.69,65923473.8,50187.05,109239554.31,19900.36
2025-05-27,2378.13,2492.31,95.42,93.73,0.81,Normal,1587.54,667.6,10319040.5,1239.66,521.3,3610.68,1.518,11535.22,4.851,1.32,31.32,30580.43,72724263.64,50244.68,119488425.38,19664.25
2025-05-28,2210.48,2471.46,89.44,91.92,1.8,Minor Stoppage,1570.76,710.6,10250158.4,1095.51,495.6,3343.49,1.513,10324.0,4.67,2.02,44.6,30878.76,68256801.03,50342.61,111281191.67,19463.85
2025-05-29,2161.0,2478.89,87.18,92.22,2.73,Minor Stoppage,1410.32,652.6,9167098.41,1110.86,514.0,3256.71,1.507,8216.51,3.802,1.83,39.62,30475.47,65857472.31,50397.11,108908138.01,19921.65
2025-05-30,2409.38,2471.98,97.47,93.3,0.46,Normal,1686.92,700.1,10964991.5,1201.02,498.5,3621.77,1.503,10457.95,4.341,1.43,34.48,30579.97,73678779.24,50426.35,121496277.69,19846.39
2025-05-31,2368.41,2500.8,94.71,92.72,0.31,Normal,1640.19,692.5,10703536.12,1144.68,483.3,3919.19,1.655,10462.29,4.417,1.19,28.27,30276.1,71706184.21,50306.05,119145290.44,20029.95
2025-06-01,1887.37,2453.47,76.93,91.69,4.25,Minor Stoppage,1244.38,659.3,8168558.16,928.95,492.2,2906.81,1.54,8831.65,4.679,1.35,25.4,31055.62,58613332.24,50262.88,94864481.77,19207.27
2025-06-02,2247.61,2450.11,91.73,92.25,1.31,Normal,1624.7,722.9,10637681.62,1086.56,483.4,3072.7,1.367,9423.92,4.193,1.69,37.93,30349.75,68214303.7,50053.19,112499871.76,19703.43
2025-06-03,1982.21,2468.08,80.31,91.95,3.48,Minor Stoppage,1443.08,728.0,9508749.93,934.82,471.6,2791.23,1.408,9127.47,4.605,1.68,33.39,31174.27,61793926.42,49918.48,98948873.1,18744.21
2025-06-04,2084.22,2456.24,84.85,92.32,3.01,Minor Stoppage,1513.86,726.3,10010296.84,999.25,479.4,3083.67,1.48,9000.13,4.318,1.72,35.9,30111.98,62760033.05,49905.31,104013728.14,19793.33
2025-06-05,2193.43,2477.46,88.54,92.73,2.17,Minor Stoppage,1510.68,688.7,9974778.97,1080.56,492.6,3008.24,1.371,10610.5,4.837,1.44,31.66,31126.19,68273228.64,49750.24,109123826.0,18624.04
2025-06-06,2210.08,2480.35,89.1,92.39,1.96,Minor Stoppage,1606.83,727.0,10597562.94,1158.24,524.1,3395.14,1.536,8950.61,4.05,1.35,29.85,30711.98,67876041.6,49920.28,110328003.03,19208.3
2025-06-07,2273.41,2480.22,91.66,93.45,1.98,Minor Stoppage,1501.71,660.6,9844268.07,1137.77,500.5,3674.42,1.616,9242.2,4.065,1.95,44.38,30923.83,70302477.11,49847.58,113323874.02,18923.75
2025-06-08,2217.82,2495.79,88.86,92.87,1.72,Minor Stoppage,1407.27,634.5,9226698.64,1070.29,482.6,3103.8,1.399,10209.31,4.603,1.45,32.22,30533.88,67718731.07,49814.01,110478636.08,19280.13
2025-06-09,2091.19,2481.86,84.26,91.92,2.6,Minor Stoppage,1348.45,644.8,8764921.61,1055.2,504.6,3025.02,1.447,9726.94,4.651,1.81,37.8,30228.98,63214609.56,49650.4,103828535.75,19421.42
2025-06-10,2252.71,2480.61,90.81,94.77,1.5,Normal,1502.76,667.1,9811775.2,1134.66,503.7,3749.69,1.665,9275.03,4.117,1.0,22.53,30735.62,69238395.26,49539.24,111597470.68,18803.62
2025-06-11,2318.43,2478.33,93.55,94.27,0.79,Normal,1594.01,687.5,10372653.4,1135.61,489.8,3214.71,1.387,10548.76,4.55,1.0,23.18,30484.89,70676940.01,49468.09,114688076.56,18983.2
2025-06-12,2150.28,2458.95,87.45,91.84,1.51,Minor Stoppage,1497.39,696.4,9733048.37,1085.08,504.6,3281.82,1.526,9958.11,4.631,2.37,50.88,30310.14,65175422.84,49478.37,106392561.57,19168.23
2025-06-13,2167.43,2456.12,88.25,92.09,1.84,Minor Stoppage,1495.68,690.1,9721932.69,1083.01,499.7,3602.9,1.662,10056.05,4.64,1.68,36.41,30190.76,65436385.32,49578.96,107458972.76,19388.2
2025-06-14,2197.77,2488.67,88.31,92.24,2.52,Minor Stoppage,1494.4,680.0,9713613.46,1085.39,493.9,3289.13,1.497,9702.09,4.415,1.27,27.91,30831.03,67759648.87,49309.33,108370782.25,18478.3
2025-06-15,2072.79,2460.9,84.23,92.19,2.57,Minor Stoppage,1344.17,648.5,8737106.49,1002.99,483.9,3323.0,1.603,9621.91,4.642,1.31,27.12,30481.78,63182425.32,49562.55,102732892.56,19080.76
2025-06-16,1927.5,2474.03,77.91,92.26,4.9,Minor Stoppage,1388.25,720.2,9042761.27,924.24,479.5,2822.94,1.465,8249.96,4.28,1.68,32.48,30738.44,59248463.42,49618.13,95639134.57,18879.69
2025-06-17,2218.19,2472.96,89.7,93.28,2.52,Minor Stoppage,1442.8,650.4,9378180.02,1135.27,511.8,3192.76,1.439,9378.85,4.228,1.27,28.24,30853.64,68439255.55,49599.32,110020748.95,18745.68
2025-06-18,2166.49,2449.41,88.45,93.34,2.23,Minor Stoppage,1520.91,702.0,9885925.66,1107.13,511.0,3045.99,1.406,9047.78,4.176,1.08,23.5,30749.72,66619066.41,49485.52,107210032.31,18735.79
2025-06-19,2298.36,2476.95,92.79,93.52,1.26,Normal,1645.18,715.8,10693697.11,1134.94,493.8,3348.61,1.457,10151.24,4.417,1.0,22.98,30099.48,69179480.82,49625.28,114056817.88,19525.8
2025-06-20,2208.31,2480.06,89.04,91.85,2.07,Minor Stoppage,1549.99,701.9,10074959.3,1083.41,490.6,3371.44,1.527,10506.77,4.758,2.03,44.78,31032.04,68528269.59,49467.81,109240110.01,18435.77
2025-06-21,2079.63,2479.33,83.88,93.45,3.59,Minor Stoppage,1431.71,688.4,9378461.74,1095.11,526.6,2894.18,1.392,8862.77,4.262,1.53,31.84,30899.71,64260027.47,49486.91,102914578.64,18587.2
2025-06-22,2175.71,2466.9,88.2,93.21,2.35,Minor Stoppage,1488.73,684.2,9841445.22,1057.17,485.9,3605.17,1.657,9575.14,4.401,1.15,24.99,31019.09,67488586.78,49647.89,108019485.43,18628.8
2025-06-23,2192.51,2458.86,89.17,94.02,1.64,Minor Stoppage,1512.33,689.8,10023462.32,1137.82,519.0,3116.83,1.422,11325.4,5.165,1.33,29.15,30330.25,66499453.58,49610.38,108771389.91,19280.13
2025-06-24,2068.2,2445.18,84.58,92.44,2.76,Minor Stoppage,1391.76,672.9,9234587.44,995.53,481.4,3206.46,1.55,8684.21,4.199,1.57,32.52,31059.53,64237345.95,49534.59,102447470.66,18475.06
2025-06-25,2073.17,2473.8,83.81,92.13,3.08,Minor Stoppage,1437.09,693.2,9508767.02,1019.59,491.8,2822.84,1.362,9002.26,4.342,1.81,37.46,30147.69,62501230.08,49479.05,102578390.93,19331.36
2025-06-26,2021.91,2460.81,82.16,91.59,3.23,Minor Stoppage,1399.51,692.2,9287243.73,980.56,485.0,3027.78,1.497,8467.55,4.188,1.76,35.51,30941.72,62561410.61,49264.75,99608957.52,18323.03
2025-06-27,2083.97,2464.61,84.56,93.15,2.33,Minor Stoppage,1418.7,680.8,9336444.92,1016.79,487.9,3216.28,1.543,10024.48,4.81,1.09,22.76,30971.15,64542825.64,49346.55,102836552.13,18375.41
2025-06-28,2018.81,2463.79,81.94,92.78,3.5,Minor Stoppage,1307.67,647.7,8605681.92,1061.23,525.7,3181.88,1.576,8697.78,4.308,1.46,29.51,30036.61,60638161.98,49235.62,99397278.1,19199.01
2025-06-29,2285.23,2493.44,91.65,92.28,1.33,Normal,1718.47,752.0,11248097.65,1158.37,506.9,3264.71,1.429,10284.74,4.501,1.55,35.33,30145.07,68888483.73,49270.52,112594572.72,19125.45
2025-06-30,2146.93,2456.37,87.4,93.02,1.75,Minor Stoppage,1436.5,669.1,9373685.81,1053.82,490.9,3129.15,1.458,9706.19,4.521,1.76,37.76,30233.48,64909109.13,49352.28,105955790.75,19118.8
2025-07-01,1337.62,2456.13,54.46,90.53,10.6,Unplanned Breakdown,940.82,703.4,6115359.63,648.05,484.5,1906.22,1.425,5127.18,3.833,2.07,27.75,30727.19,41101400.96,49331.05,65986352.07,18603.86
2025-07-02,2080.72,2416.43,86.11,92.47,2.03,Minor Stoppage,1403.41,674.5,9138297.8,1035.25,497.5,3156.94,1.517,8587.29,4.127,2.0,41.63,31985.27,66552515.33,49082.21,102126527.27,17096.94
2025-07-03,2241.15,2475.87,90.52,93.08,1.62,Minor Stoppage,1482.09,661.3,9633553.22,1158.63,517.0,3251.47,1.451,9146.7,4.081,1.1,24.72,30345.86,68009583.73,49173.95,110206142.22,18828.09
2025-07-04,1233.03,2433.23,50.67,90.42,11.43,Unplanned Breakdown,831.99,674.7,5407904.83,621.57,504.1,1705.31,1.383,4570.77,3.707,2.34,28.9,31061.42,38299708.62,49214.96,60683600.07,18153.54
2025-07-05,2262.03,2458.0,92.03,93.8,0.64,Normal,1501.29,663.7,9758386.8,1052.95,465.5,3308.63,1.463,9410.33,4.16,1.56,35.31,30505.09,69003563.27,49255.1,111416727.77,18750.01
2025-07-06,2016.45,2432.78,82.89,93.29,2.02,Minor Stoppage,1416.52,702.5,9214488.52,1018.69,505.2,2844.42,1.411,7205.09,3.573,1.54,31.14,30044.44,60583187.3,49223.93,99257710.59,19179.49
2025-07-07,2339.5,2458.91,95.14,93.96,0.78,Normal,1607.17,687.0,10446623.99,1081.39,462.2,3496.41,1.495,8557.72,3.658,1.0,23.4,31197.7,72987125.44,49334.54,115418325.26,18136.84
2025-07-08,1886.83,2451.59,76.96,93.06,4.52,Minor Stoppage,1276.1,676.3,8327572.71,949.83,503.4,2692.57,1.427,7062.35,3.743,1.62,30.57,30573.05,57686029.72,49353.66,93121792.01,18780.62
2025-07-09,2241.35,2439.81,91.87,92.97,2.1,Minor Stoppage,1422.0,634.4,9243006.8,1092.78,487.6,3122.57,1.393,9237.76,4.122,1.37,30.6,30037.61,67324882.47,49484.83,110912981.34,19447.23
2025-07-10,2250.6,2442.93,92.13,92.26,1.7,Minor Stoppage,1537.75,683.3,9995363.98,1164.03,517.2,3141.6,1.396,9274.98,4.121,1.47,33.05,30746.92,69199079.65,49391.02,111159530.81,18644.1
2025-07-11,2033.19,2416.46,84.14,92.15,2.99,Minor Stoppage,1267.09,623.2,8236116.66,1023.03,503.2,3122.47,1.536,7958.64,3.914,1.71,34.75,30663.82,62345374.35,49276.74,100188985.38,18612.92
2025-07-12,2145.73,2446.9,87.69,91.4,2.26,Minor Stoppage,1498.78,698.5,9761271.79,1001.83,466.9,3169.02,1.477,8009.31,3.733,2.3,49.44,30071.93,64526170.12,49416.87,106035148.07,19344.94
2025-07-13,2214.01,2469.3,89.66,92.96,1.38,Normal,1426.48,644.3,9304173.59,1165.87,526.6,3443.7,1.555,8153.45,3.683,1.26,27.79,31178.5,69029384.71,49442.4,109465762.1,18263.9
2025-07-14,2298.14,2474.48,92.87,92.98,1.74,Minor Stoppage,1554.16,676.3,10191272.78,1167.87,508.2,3360.2,1.462,10542.83,4.588,1.78,40.97,29749.11,68367573.52,49524.41,113813945.94,19775.3
2025-07-15,2223.17,2423.53,91.73,93.04,1.15,Normal,1467.81,660.2,9681365.72,1142.15,513.8,3437.88,1.546,8499.78,3.823,1.51,33.59,30988.01,68891524.8,49723.59,110543861.57,18735.58
2025-07-16,2300.59,2466.06,93.29,92.73,0.97,Normal,1442.18,626.9,9566879.17,1125.22,489.1,3363.29,1.462,8718.98,3.79,1.19,27.27,30616.2,70435448.98,49588.92,114083966.29,18972.72
2025-07-17,2137.24,2455.17,87.05,91.61,2.12,Minor Stoppage,1473.35,689.4,9755456.72,1054.5,493.4,3461.47,1.62,8571.05,4.01,2.28,48.75,30952.57,66153168.46,49704.36,106230312.02,18751.79
2025-07-18,1442.89,2434.68,59.26,90.55,9.18,Unplanned Breakdown,972.68,674.1,6419639.35,711.36,493.0,2121.72,1.47,4722.94,3.273,2.4,34.62,30660.05,44239054.53,49580.98,71539863.93,18920.93
2025-07-19,2201.82,2425.53,90.78,92.88,1.47,Normal,1458.3,662.3,9565822.29,1157.2,525.6,3151.33,1.431,9096.36,4.131,1.39,30.62,30241.96,66587229.19,49645.04,109309253.64,19403.08
2025-07-20,2234.71,2445.12,91.39,93.54,1.55,Minor Stoppage,1573.9,704.3,10348715.27,1061.79,475.1,3589.94,1.606,8270.23,3.701,1.37,30.51,30952.63,69170187.2,49753.45,111184589.1,18800.82
2025-07-21,2251.94,2477.44,90.9,91.8,1.72,Minor Stoppage,1611.11,715.4,10603555.83,1152.33,511.7,3431.13,1.524,9381.27,4.166,1.59,35.72,30439.09,68546986.58,49825.06,112203003.59,19385.96
2025-07-22,2236.31,2444.06,91.5,93.36,1.66,Minor Stoppage,1429.32,639.1,9384591.62,1077.38,481.8,3489.99,1.561,9711.5,4.343,1.81,40.44,30945.66,69204242.96,49860.36,111503454.62,18914.69
2025-07-23,2230.01,2435.18,91.57,92.68,1.8,Minor Stoppage,1513.38,678.6,9921887.05,1106.9,496.4,2951.39,1.323,8615.74,3.864,1.51,33.57,30364.2,67712567.28,49887.9,111250660.81,19523.7
2025-07-24,2015.7,2451.16,82.23,90.98,4.34,Minor Stoppage,1382.29,685.8,9094506.42,1013.78,502.9,2723.95,1.351,8366.78,4.151,2.43,48.88,30898.74,62282474.02,49965.79,100715862.12,19067.05
2025-07-25,2206.48,2465.87,89.48,93.26,1.81,Minor Stoppage,1569.44,711.3,10407482.57,1138.48,516.0,3434.81,1.557,8406.57,3.81,1.0,22.06,30737.56,67821683.28,50151.26,110657520.57,19413.69
2025-07-26,2184.75,2440.15,89.53,93.55,1.86,Minor Stoppage,1489.53,681.8,9902306.37,1047.56,479.5,3430.3,1.57,7886.12,3.61,1.25,27.25,31186.71,68135011.24,50112.89,109483907.33,18926.19
2025-07-27,2151.16,2446.82,87.92,93.44,2.0,Minor Stoppage,1433.08,666.2,9570694.57,1033.16,480.3,3423.25,1.591,8178.55,3.802,1.27,27.39,30545.76,65708826.99,50004.11,107566852.82,19458.35
2025-07-28,1857.09,2454.9,75.65,92.65,5.46,Minor Stoppage,1214.29,653.9,8125857.25,988.99,532.5,2847.51,1.533,7403.34,3.987,1.52,28.29,30369.22,56398391.65,50139.98,93114501.01,19770.77
2025-07-29,2169.54,2484.8,87.31,94.03,1.87,Minor Stoppage,1425.27,656.9,9491575.52,1106.58,510.1,3477.6,1.603,8243.08,3.799,1.03,22.44,31109.38,67492996.24,50078.93,108648173.54,18969.55
2025-07-30,2097.12,2482.46,84.48,91.98,2.58,Minor Stoppage,1388.21,662.0,9312592.97,1027.34,489.9,3122.7,1.489,8116.17,3.87,2.13,44.58,30710.81,64404233.46,50131.58,105131909.48,19420.77
2025-07-31,2214.94,2451.16,90.36,91.75,1.45,Normal,1470.26,663.8,9852437.54,1087.89,491.2,3124.35,1.411,9963.27,4.498,1.63,36.11,30517.66,67594869.09,50153.54,111087211.03,19635.88
2025-08-01,1626.5,2447.66,66.45,90.78,7.29,Minor Stoppage,1144.27,703.5,7642970.17,868.5,534.0,2573.38,1.582,6955.67,4.276,1.89,30.69,30619.14,49801913.71,50056.84,81417265.98,19437.7
2025-08-02,2072.17,2441.17,84.88,92.33,2.95,Minor Stoppage,1379.56,665.8,9221647.91,1070.58,516.6,2970.46,1.433,8856.04,4.274,1.29,26.69,30904.01,64038512.24,49973.28,103553366.04,19069.27
2025-08-03,2077.74,2453.48,84.69,93.01,2.58,Minor Stoppage,1405.4,676.4,9480722.58,1003.24,482.9,2978.31,1.433,8025.22,3.862,1.44,29.82,30789.33,63972299.32,50075.42,104043842.19,19286.09
2025-08-04,2278.51,2443.12,93.26,93.5,0.55,Normal,1614.37,708.5,10863286.13,1179.91,517.8,3522.33,1.546,8247.29,3.62,1.59,36.14,31469.84,71704297.06,50082.88,114114280.89,18613.05
2025-08-05,2272.55,2448.65,92.81,93.18,1.16,Normal,1556.23,684.8,10546239.74,1153.36,507.5,3262.48,1.436,8869.92,3.903,1.15,26.18,30691.08,69746949.15,50026.82,113688319.91,19335.73
2025-08-06,2135.02,2421.17,88.18,92.75,1.81,Minor Stoppage,1419.4,664.8,9619371.24,1061.7,497.3,3232.76,1.514,8832.02,4.137,1.55,32.99,30909.58,65992552.46,50280.51,107349859.63,19370.93
2025-08-07,2291.09,2448.95,93.55,93.14,1.12,Normal,1520.18,663.5,10243799.87,1174.41,512.6,3690.73,1.611,8991.28,3.924,1.03,23.67,29867.08,68428128.53,50238.4,115100647.93,20371.32
2025-08-08,2158.74,2439.04,88.51,92.34,1.75,Minor Stoppage,1402.75,649.8,9428663.91,1092.69,506.2,3694.9,1.712,8150.58,3.776,1.97,42.57,30413.47,65654639.66,50299.98,108584357.95,19886.51
2025-08-09,2239.46,2434.78,91.98,93.31,1.4,Normal,1592.89,711.3,10664792.04,1177.54,525.8,3444.36,1.538,8512.42,3.801,1.13,25.35,30882.24,69159400.45,50454.77,112991191.26,19572.52
2025-08-10,2003.61,2406.75,83.25,92.14,2.17,Minor Stoppage,1441.87,719.6,9603142.36,897.04,447.7,2727.7,1.361,7423.22,3.705,1.62,32.37,30858.24,61827791.06,50764.41,101711922.15,19906.16
2025-08-11,2303.78,2419.63,95.21,93.53,0.49,Normal,1616.96,701.9,10716961.94,1197.45,519.8,3725.96,1.617,8574.91,3.722,1.65,38.02,30738.79,70815428.07,50701.88,116806029.77,19963.1
2025-08-12,2270.12,2416.48,93.94,93.47,1.79,Minor Stoppage,1547.6,681.7,10240588.78,1087.29,479.0,3790.3,1.67,9409.33,4.145,1.0,22.7,29792.63,67632941.2,50698.56,115091951.04,20905.92
2025-08-13,1999.5,2440.75,81.92,92.4,3.7,Minor Stoppage,1305.0,652.7,8646503.99,959.81,480.0,2828.7,1.415,9060.13,4.531,1.67,33.38,31210.44,62405330.12,50930.25,101835129.55,19719.81
2025-08-14,2105.37,2421.66,86.94,93.68,1.78,Minor Stoppage,1424.5,676.6,9480947.77,1114.28,529.3,3191.56,1.516,8763.32,4.162,1.52,31.95,30638.76,64505828.25,50898.3,107159594.25,20259.54
2025-08-15,2193.96,2446.76,89.67,93.43,1.53,Minor Stoppage,1449.7,660.8,9695719.04,1032.71,470.7,3310.49,1.509,8677.6,3.955,1.01,22.18,30868.95,67725209.74,50982.7,111853940.42,20113.75
2025-08-16,2205.43,2451.02,89.98,92.99,1.49,Normal,1466.28,664.9,9728363.03,1142.91,518.2,3057.95,1.387,8362.27,3.792,1.0,22.05,30460.92,67179352.08,50997.07,112470357.21,20536.16
2025-08-17,1877.89,2441.14,76.93,91.82,4.59,Minor Stoppage,1266.26,674.3,8394325.21,896.09,477.2,2649.47,1.411,7632.98,4.065,1.95,36.63,30859.42,57950479.26,51092.27,95945472.32,20232.85
2025-08-18,2108.27,2433.53,86.63,91.88,2.7,Minor Stoppage,1564.37,742.0,10370987.79,1003.88,476.2,3058.64,1.451,8365.13,3.968,2.16,45.59,30940.08,65229965.32,51237.89,108023162.43,20297.8
2025-08-19,2016.63,2451.63,82.26,91.64,3.36,Minor Stoppage,1383.06,685.8,9172053.26,1000.89,496.3,3011.43,1.493,7502.08,3.72,2.12,42.81,30690.6,61891442.04,51260.58,103373384.57,20569.98
2025-08-20,2050.59,2458.44,83.41,92.72,2.88,Minor Stoppage,1370.41,668.3,9101095.35,1032.5,503.5,3306.67,1.613,8387.65,4.09,1.61,33.06,30988.77,63545316.91,51235.32,105062723.62,20246.55
2025-08-21,2177.06,2426.08,89.74,92.8,1.77,Minor Stoppage,1457.97,669.7,9741745.87,1094.26,502.6,3036.42,1.395,8861.17,4.07,1.56,34.04,30046.23,65412371.27,51358.08,111809511.25,21311.86
2025-08-22,952.79,2437.63,39.09,88.6,14.04,Planned Maintenance,653.19,685.6,4334011.04,501.57,526.4,1468.08,1.541,3695.69,3.879,3.0,28.63,30586.55,29142596.54,51578.6,49143637.37,20992.05
2025-08-23,770.65,2415.17,31.91,86.68,16.02,Planned Maintenance,560.34,727.1,3715844.7,375.12,486.8,1072.86,1.392,2944.91,3.821,3.65,28.16,31186.64,24033973.71,51618.46,39779747.76,20431.82
2025-08-24,2247.59,2442.52,92.02,94.01,1.03,Normal,1517.76,675.3,10044283.61,1089.34,484.7,3262.53,1.452,9630.04,4.285,1.29,28.94,30748.56,69110191.23,51594.21,115962715.01,20845.66
2025-08-25,2166.03,2462.56,87.96,92.85,2.26,Minor Stoppage,1425.76,658.2,9491181.57,1098.1,507.0,3162.83,1.46,8240.67,3.804,1.46,31.61,30532.73,66134917.6,51382.94,111297151.7,20850.2
2025-08-26,2245.9,2447.07,91.78,92.92,1.1,Normal,1466.62,653.0,9783628.26,1089.46,485.1,3401.38,1.514,9715.35,4.326,1.12,25.06,30969.66,69554697.13,51334.7,115292471.16,20365.03
2025-08-27,2158.57,2443.86,88.33,92.36,1.74,Minor Stoppage,1398.76,648.0,9370081.85,981.72,454.8,3149.38,1.459,8149.71,3.776,1.37,29.56,31322.74,67612474.41,51337.9,110816697.59,20015.16
2025-08-28,1906.81,2451.86,77.77,90.98,4.14,Minor Stoppage,1309.99,687.0,8759772.1,903.23,473.7,2853.37,1.496,7714.26,4.046,1.99,38.01,30644.7,58433740.59,51479.76,98162338.06,20835.06
2025-08-29,2046.6,2422.36,84.49,92.93,3.11,Minor Stoppage,1339.67,654.6,8901913.68,1061.7,518.8,2997.35,1.465,8791.04,4.295,1.05,21.49,30623.18,62673332.79,51440.55,105278110.09,20817.37
2025-08-30,2264.82,2428.28,93.27,92.76,1.32,Normal,1465.62,647.1,9715789.4,1141.21,503.9,3331.01,1.471,8973.62,3.962,1.44,32.58,30267.38,68550198.45,51512.76,116667174.93,21245.38
2025-08-31,2147.05,2429.14,88.39,92.94,1.52,Minor Stoppage,1453.35,676.9,9663320.15,1031.6,480.5,3486.0,1.624,9884.07,4.604,1.56,33.56,30636.21,65777510.45,51462.52,110492658.77,20826.31
2025-09-01,2143.36,2496.31,85.86,92.58,3.06,Minor Stoppage,1454.89,678.8,9686751.32,1067.73,498.2,3204.05,1.495,8860.8,4.134,1.09,23.34,29954.57,64203380.43,51444.32,110263591.78,21489.74
2025-09-02,2106.87,2502.15,84.2,92.13,3.55,Minor Stoppage,1414.99,671.6,9427838.54,1064.57,505.3,3104.23,1.473,9003.53,4.273,2.06,43.48,30815.64,64924413.01,51377.28,108245033.48,20561.64
2025-09-03,1868.62,2491.68,74.99,91.11,5.57,Minor Stoppage,1298.75,695.0,8692715.2,896.55,479.8,2789.86,1.493,7730.63,4.137,1.64,30.6,31150.6,58208662.84,51371.4,95993672.64,20220.8
2025-09-04,2254.36,2527.83,89.18,92.03,2.16,Minor Stoppage,1614.68,716.2,10830237.74,1086.67,482.0,3046.01,1.351,9504.52,4.216,1.79,40.43,30672.74,69147383.56,51396.24,115865614.84,20723.5
2025-09-05,2271.48,2515.12,90.31,93.58,1.35,Normal,1568.22,690.4,10505423.3,1072.09,472.0,3804.11,1.675,9409.9,4.143,1.36,30.87,30607.04,69523339.55,51324.12,116581821.83,20717.08
2025-09-06,2221.5,2498.61,88.91,92.7,2.15,Minor Stoppage,1527.2,687.5,10153222.04,1107.37,498.5,3773.88,1.699,9581.67,4.313,1.61,35.69,30380.75,67490826.42,51366.97,114111710.13,20986.22
2025-09-07,2188.12,2521.87,86.77,93.29,2.51,Minor Stoppage,1476.1,674.6,9924247.3,1002.06,458.0,3297.96,1.507,8466.98,3.87,1.75,38.29,31035.21,67908731.62,51353.0,112366466.57,20317.79
2025-09-08,2350.57,2487.61,94.49,91.77,1.4,Normal,1492.56,635.0,10020582.31,1233.06,524.6,3519.98,1.498,9412.86,4.005,1.84,43.23,31020.54,72915895.96,51190.22,120326094.99,20169.68
2025-09-09,2346.86,2508.89,93.54,92.92,0.43,Normal,1693.73,721.7,11372644.8,1166.69,497.1,3480.38,1.483,9081.84,3.87,1.24,29.21,30235.77,70959089.37,51184.14,120121942.39,20948.37
2025-09-10,1996.86,2491.72,80.14,91.35,4.8,Minor Stoppage,1454.84,728.6,9803596.68,1019.44,510.5,2541.75,1.273,7583.39,3.798,1.9,37.93,31197.31,62296662.92,51247.42,102333940.34,20050.12
2025-09-11,2169.88,2496.68,86.91,92.31,2.07,Minor Stoppage,1496.27,689.6,10134187.57,1037.36,478.1,2971.37,1.369,8807.17,4.059,1.27,27.59,30643.06,66491743.52,51263.57,111235751.11,20620.51
2025-09-12,2163.69,2510.65,86.18,93.21,2.11,Minor Stoppage,1422.36,657.4,9647207.4,1032.4,477.1,3296.98,1.524,8011.47,3.703,1.41,30.5,31221.22,67552933.92,51333.46,111069540.03,20112.25
2025-09-13,2348.67,2489.43,94.35,92.63,0.47,Normal,1588.21,676.2,10754853.47,1145.37,487.7,3532.34,1.504,9360.19,3.985,1.5,35.16,30688.54,72077390.95,51344.25,120590944.68,20655.72
2025-09-14,2181.08,2500.98,87.21,92.17,1.92,Minor Stoppage,1488.55,682.5,10089871.81,1128.11,517.2,3168.69,1.453,8652.24,3.967,2.12,46.17,30965.76,67538680.71,51165.48,111595785.47,20199.71
2025-09-15,2032.81,2488.32,81.69,92.72,4.05,Minor Stoppage,1354.32,666.2,9135572.09,984.72,484.4,3393.46,1.669,7704.06,3.79,1.44,29.34,31097.07,63214554.56,51149.3,103976996.02,20052.23
2025-09-16,1554.34,2495.19,62.29,91.54,8.48,Unplanned Breakdown,1135.07,730.3,7633440.44,773.21,497.5,2343.76,1.508,6277.23,4.039,2.21,34.34,30862.2,47970419.04,51158.54,79517882.37,20296.34
2025-09-17,2135.07,2459.3,86.82,91.67,2.62,Minor Stoppage,1488.2,697.0,10004030.34,1037.08,485.7,3395.24,1.59,8586.26,4.022,1.08,22.97,30479.04,65075018.89,51278.61,109483634.42,20799.57
2025-09-18,2176.19,2496.74,87.16,91.65,2.11,Minor Stoppage,1558.3,716.1,10470689.54,1039.95,477.9,3138.75,1.442,8621.61,3.962,1.91,41.51,31355.06,68234433.74,51208.17,111438509.18,19853.12
2025-09-19,2084.36,2492.68,83.62,93.49,3.13,Minor Stoppage,1431.93,687.0,9599653.8,1000.01,479.8,3186.49,1.529,9561.54,4.587,1.12,23.44,30457.72,63484974.45,51159.43,106634883.31,20701.71
2025-09-20,2172.78,2499.05,86.94,93.16,2.49,Minor Stoppage,1463.79,673.7,9845505.18,1102.01,507.2,3356.7,1.545,7745.04,3.565,1.27,27.51,30617.32,66524709.84,50963.06,110731528.42,20345.74
2025-09-21,2300.18,2509.07,91.67,92.41,1.1,Normal,1578.4,686.2,10588902.3,1127.9,490.4,3606.12,1.568,9284.98,4.037,1.09,25.19,30601.44,70388876.12,50967.28,117234009.3,20365.84
2025-09-22,2295.29,2494.91,92.0,91.97,1.27,Normal,1623.3,707.2,10889804.72,1184.86,516.2,3786.09,1.65,9421.99,4.105,1.04,23.92,30794.27,70681709.0,50969.55,116989779.82,20175.28
2025-09-23,1974.83,2476.44,79.74,91.02,3.81,Minor Stoppage,1437.03,727.7,9655564.9,1026.11,519.6,2842.25,1.439,7543.26,3.82,2.07,40.83,30235.27,59709492.28,50974.68,100666283.72,20739.41
2025-09-24,2100.5,2456.43,85.51,91.86,2.83,Minor Stoppage,1496.52,712.5,10017771.38,1093.6,520.6,3318.39,1.58,8251.38,3.928,1.87,39.29,31045.99,65211974.23,50940.92,107001213.77,19894.94
2025-09-25,2189.92,2499.1,87.63,92.04,2.62,Minor Stoppage,1435.06,655.3,9602191.24,1005.4,459.1,3053.46,1.394,7597.0,3.469,1.26,27.66,30789.31,67426086.28,50947.68,111571271.68,20158.37
2025-09-26,2272.09,2511.69,90.46,93.16,1.29,Normal,1582.5,696.5,10612846.26,1107.09,487.3,3627.46,1.597,8220.89,3.618,1.8,40.81,30378.24,69022068.34,50964.08,115794928.4,20585.84
2025-09-27,2249.78,2485.23,90.53,92.33,1.21,Normal,1536.58,683.0,10252456.8,1077.49,478.9,3392.98,1.508,9058.56,4.026,1.72,38.73,31212.86,70222227.0,50839.9,114378849.89,19627.04
2025-09-28,2343.98,2494.05,93.98,92.43,1.2,Normal,1664.63,710.2,11077137.84,1198.26,511.2,3643.73,1.555,8699.85,3.712,1.37,32.1,30944.91,72534147.14,50865.08,119226561.65,19920.17
2025-09-29,2345.91,2507.1,93.57,92.02,1.14,Normal,1665.13,709.8,11096646.55,1257.43,536.0,3522.13,1.501,8595.34,3.664,1.79,42.09,30314.57,71115128.34,50764.92,119089708.95,20450.35
2025-09-30,2177.91,2483.51,87.69,92.5,2.29,Minor Stoppage,1526.7,701.0,10188177.05,1045.74,480.2,3162.91,1.452,9853.91,4.524,1.75,38.14,30552.51,66540577.59,50770.06,110572545.45,20217.55
2025-10-01,2236.7,2509.91,89.11,93.12,1.32,Normal,1560.49,697.7,10302688.49,1189.38,531.8,3383.16,1.513,9045.3,4.044,1.66,37.06,30423.17,68047362.35,50793.81,113610275.36,20370.64
2025-10-02,2361.14,2510.89,94.04,93.61,0.68,Normal,1652.92,700.0,10928981.2,1146.13,485.4,3371.59,1.428,8875.42,3.759,1.34,31.65,31000.82,73197416.91,50906.94,120198647.71,19906.12
2025-10-03,2159.38,2527.31,85.44,93.06,2.69,Minor Stoppage,1451.35,672.1,9619790.73,1102.95,510.8,3056.22,1.415,7288.94,3.375,1.34,28.99,30700.03,66292900.86,50980.01,110084984.67,20279.98
2025-10-04,2413.71,2523.93,95.63,92.15,0.04,Normal,1588.78,658.2,10590495.7,1235.88,512.0,3688.22,1.528,9145.34,3.789,2.11,50.85,30770.28,74270475.69,50922.07,122911024.54,20151.79
2025-10-05,2376.91,2493.28,95.33,93.91,0.02,Normal,1596.19,671.5,10623570.37,1197.97,504.0,3670.31,1.544,9911.85,4.17,1.43,34.06,29954.04,71198072.41,50830.71,120820046.2,20876.67
2025-10-06,2277.05,2506.83,90.83,92.79,1.18,Normal,1571.74,690.3,10520637.9,1138.97,500.2,3132.94,1.376,9485.06,4.166,1.82,41.4,31102.58,70821985.0,51052.63,116249171.91,19950.06
2025-10-07,2188.42,2532.65,86.41,92.74,2.88,Minor Stoppage,1515.95,692.7,10161921.45,1133.84,518.1,3430.7,1.568,9034.91,4.129,1.52,33.32,30517.82,66785709.12,51143.42,111923124.04,20625.6
2025-10-08,1407.97,2499.08,56.34,89.46,10.14,Unplanned Breakdown,957.15,679.8,6440899.0,696.65,494.8,2112.39,1.5,6202.88,4.406,2.48,34.9,30375.77,42768190.43,51224.48,72122560.75,20848.71
2025-10-09,2376.2,2527.08,94.03,92.26,0.37,Normal,1624.98,683.9,10884616.79,1131.58,476.2,3624.04,1.525,9393.44,3.953,1.73,41.09,30854.62,73316662.77,51189.17,121635562.67,20334.55
2025-10-10,2388.41,2524.4,94.61,93.64,0.45,Normal,1645.51,689.0,10976343.18,1156.87,484.4,3842.2,1.609,9342.14,3.911,1.22,29.19,30185.53,72095272.63,51254.16,122415715.1,21068.64
2025-10-11,2483.01,2540.2,97.75,94.31,0.2,Normal,1673.54,674.0,11224442.53,1240.47,499.6,3507.82,1.413,10425.12,4.199,1.23,30.62,30580.09,75930747.84,51270.75,127305918.22,20690.66
2025-10-12,2233.32,2521.91,88.56,91.93,1.16,Normal,1489.47,666.9,9995772.75,1100.88,492.9,3327.21,1.49,8800.55,3.941,2.09,46.76,30831.05,68855663.63,51357.24,114697243.43,20526.19
2025-10-13,1522.49,2505.62,60.76,90.72,8.57,Unplanned Breakdown,1077.18,707.5,7194354.61,800.74,525.9,2380.18,1.563,5872.75,3.857,2.04,31.02,31004.76,47204368.17,51209.74,77966199.91,20204.98
2025-10-14,2313.62,2541.78,91.02,92.94,1.08,Normal,1544.61,667.6,10281535.42,1136.02,491.0,3365.59,1.455,9735.48,4.208,1.66,38.47,30720.0,71074340.44,51091.59,118206436.71,20371.6
2025-10-15,2260.06,2519.91,89.69,93.3,2.16,Minor Stoppage,1477.67,653.8,9808744.11,1126.71,498.5,3388.63,1.499,9129.57,4.04,1.16,26.18,30456.63,68833877.92,51246.54,115820369.33,20789.91
2025-10-16,2184.14,2526.33,86.46,93.17,3.2,Minor Stoppage,1474.28,675.0,9771003.17,1100.38,503.8,3288.07,1.505,7633.62,3.495,1.01,22.15,31030.87,67775822.76,51185.06,111795426.67,20154.19
2025-10-17,2354.52,2520.84,93.4,93.17,0.76,Normal,1705.8,724.5,11259998.46,1198.2,508.9,3406.11,1.447,8986.65,3.817,1.2,28.36,30925.15,72814039.64,51236.1,120636670.42,20310.95
2025-10-18,2318.09,2496.83,92.84,91.55,0.58,Normal,1523.68,657.3,9965592.17,1029.27,444.0,3435.29,1.482,10077.33,4.347,2.07,47.87,30823.46,71451528.79,51430.05,119219446.37,20606.59
2025-10-19,2296.61,2499.11,91.9,93.52,1.03,Normal,1597.33,695.5,10481046.05,1225.9,533.8,3490.12,1.52,8725.8,3.799,1.23,28.31,31025.39,71253144.41,51396.07,118036578.96,20370.67
2025-10-20,2328.54,2511.52,92.71,94.28,0.63,Normal,1578.23,677.8,10386557.48,1084.25,465.6,3646.08,1.566,8753.76,3.759,1.0,23.29,30733.49,71564075.55,51528.77,119986662.68,20795.28
2025-10-21,2376.17,2532.92,93.81,92.6,1.36,Normal,1663.83,700.2,10910197.57,1135.57,477.9,3548.53,1.493,9649.08,4.061,1.23,29.16,30809.33,73208150.63,51592.0,122591261.59,20782.67
2025-10-22,2347.82,2517.14,93.27,92.92,0.86,Normal,1517.17,646.2,9978825.31,1186.6,505.4,3785.98,1.613,9107.11,3.879,1.13,26.56,30822.15,72364769.53,51587.35,121117646.76,20765.2
2025-10-23,2240.85,2510.87,89.25,92.83,1.84,Minor Stoppage,1596.1,712.3,10532588.42,1113.73,497.0,3365.97,1.502,8793.33,3.924,2.18,48.74,30620.3,68615397.46,51206.9,114746800.39,20586.6
2025-10-24,2313.73,2523.16,91.7,93.25,0.62,Normal,1603.0,692.8,10592081.9,1185.19,512.2,3217.93,1.391,9660.67,4.175,1.0,23.14,30688.87,71005669.19,51266.39,118616424.2,20577.52
2025-10-25,2278.46,2520.02,90.41,92.3,1.58,Minor Stoppage,1565.9,687.3,10398826.75,1117.33,490.4,3320.22,1.457,9281.88,4.074,1.39,31.58,30052.73,68474065.65,51420.11,117158872.95,21367.38
2025-10-26,2246.05,2510.02,89.48,93.01,2.05,Minor Stoppage,1545.7,688.2,10209838.75,1101.57,490.5,3371.8,1.501,8436.83,3.756,1.1,24.64,30755.22,69077695.62,51422.43,115497235.54,20667.21
2025-10-27,2133.4,2485.2,85.84,90.84,2.15,Minor Stoppage,1488.96,697.9,9759531.16,1018.46,477.4,3324.85,1.558,8186.57,3.837,2.24,47.78,29915.81,63822405.05,51402.0,109661040.81,21486.19
2025-10-28,2351.13,2516.02,93.45,92.5,0.69,Normal,1493.58,635.3,9708290.25,1195.09,508.3,3264.23,1.388,8988.44,3.823,1.72,40.45,30448.92,71589466.47,51210.49,120402699.26,20761.58
2025-10-29,1546.72,2508.91,61.65,91.24,8.45,Unplanned Breakdown,1077.38,696.6,7002972.38,777.17,502.5,2203.8,1.425,6634.48,4.289,1.6,24.76,30521.43,47208069.53,51051.07,78961653.51,20529.64
2025-10-30,2403.01,2530.2,94.97,93.97,0.86,Normal,1638.29,681.8,10651338.74,1253.93,521.8,3444.05,1.433,8741.47,3.638,1.0,24.03,30534.1,73373812.17,51243.23,123138099.5,20709.13
2025-10-31,2384.1,2517.02,94.72,94.21,0.37,Normal,1597.28,670.0,10398913.97,1197.0,502.1,4022.08,1.687,9395.77,3.941,1.0,23.84,30481.69,72671504.61,51317.24,122345630.56,20835.55
2025-11-01,2294.65,2530.45,90.68,93.36,1.13,Normal,1577.1,687.3,10251182.06,1101.61,480.1,2969.55,1.294,9002.42,3.923,1.19,27.37,30248.05,69408614.65,51334.6,117794822.53,21086.55
2025-11-02,2116.57,2540.67,83.31,92.12,3.08,Minor Stoppage,1361.84,643.4,8851961.78,1038.63,490.7,3048.78,1.44,8247.01,3.896,1.97,41.63,30696.17,64970541.56,51237.98,108448683.87,20541.81
2025-11-03,2254.44,2558.09,88.13,92.47,1.87,Minor Stoppage,1570.48,696.6,10217577.07,1098.79,487.4,3256.61,1.445,9161.09,4.064,1.46,32.87,30136.5,67940803.88,51034.76,115054579.7,20898.26
2025-11-04,2460.2,2539.92,96.86,92.93,0.5,Normal,1701.8,691.7,11061701.74,1153.56,468.9,3512.87,1.428,10211.89,4.151,1.3,31.87,30181.64,74252771.93,51001.07,125472683.78,20819.43
2025-11-05,2356.53,2526.56,93.27,91.88,1.43,Normal,1668.14,707.9,10842889.5,1118.51,474.6,3702.68,1.571,9641.69,4.091,1.82,42.99,30578.11,72058260.51,50892.44,119929603.6,20314.33
2025-11-06,2267.87,2552.98,88.83,93.26,2.2,Minor Stoppage,1495.72,659.5,9722200.46,1081.48,476.9,3790.99,1.672,9578.75,4.224,1.29,29.19,30815.68,69886096.27,50948.25,115544249.02,20132.57
2025-11-07,2384.1,2534.49,94.07,93.22,0.79,Normal,1588.42,666.3,10324731.43,1235.21,518.1,3336.02,1.399,10005.49,4.197,1.23,29.44,30864.2,73583440.29,50899.09,121348676.5,20034.89
2025-11-08,2346.92,2547.33,92.13,93.68,0.64,Normal,1605.87,684.2,10461241.31,1158.78,493.7,3618.58,1.542,9312.56,3.968,1.48,34.75,30814.83,72319960.02,50851.28,119343895.14,20036.44
2025-11-09,2265.64,2535.1,89.37,92.3,2.24,Minor Stoppage,1391.22,614.1,9042949.47,1174.87,518.6,3478.05,1.535,7791.06,3.439,1.43,32.3,30304.4,68659005.53,50987.43,115519398.16,20683.03
2025-11-10,2342.03,2570.65,91.11,93.18,1.41,Normal,1652.47,705.6,10745200.04,1145.18,489.0,3387.75,1.446,9236.62,3.944,1.9,44.4,30273.55,70901705.69,50698.13,118736794.87,20424.59
2025-11-11,1976.98,2544.69,77.69,92.28,4.39,Minor Stoppage,1286.81,650.9,8364248.04,949.06,480.1,2916.23,1.475,8514.78,4.307,1.6,31.66,30509.9,60317605.62,50658.18,100150449.01,20148.28
2025-11-12,1584.89,2540.86,62.38,90.21,8.51,Unplanned Breakdown,1179.47,744.2,7672082.27,795.88,502.2,2353.77,1.485,5705.85,3.6,1.74,27.64,31380.76,49735134.74,50509.29,80051810.03,19128.53
2025-11-13,2308.99,2524.52,91.46,94.02,0.65,Normal,1596.36,691.4,10418067.81,1242.47,538.1,3763.45,1.63,9457.16,4.096,1.26,29.12,30736.61,70970617.01,50305.47,116154988.15,19568.86
2025-11-14,802.33,2537.44,31.62,87.89,16.0,Planned Maintenance,550.27,685.8,3576722.8,403.35,502.7,1221.85,1.523,3143.99,3.919,2.65,21.24,30970.77,24848842.24,50320.26,40373561.52,19349.49
2025-11-15,651.6,2510.22,25.96,87.11,17.53,Planned Maintenance,476.79,731.7,3099167.32,306.81,470.9,979.04,1.503,2868.29,4.402,3.37,21.95,30796.95,20067391.4,50354.21,32810967.2,19557.26
2025-11-16,2378.21,2522.32,94.29,92.27,0.84,Normal,1634.86,687.4,10628598.46,1221.61,513.7,3378.27,1.421,9593.64,4.034,1.72,40.79,30654.71,72903237.49,50225.15,119445778.82,19570.44
2025-11-17,2417.41,2554.34,94.64,93.72,0.45,Normal,1669.05,690.4,10848804.06,1174.88,486.0,3465.56,1.434,9858.89,4.078,1.07,25.75,30577.62,73918766.33,50321.16,121647069.37,19743.54
2025-11-18,2295.32,2530.99,90.69,93.53,1.13,Normal,1588.28,692.0,10374397.29,1137.53,495.6,3254.77,1.418,9322.85,4.062,1.57,36.08,30282.73,69508500.59,50601.11,116145628.86,20318.37
2025-11-19,2249.51,2534.99,88.74,93.28,1.92,Minor Stoppage,1490.36,662.5,9687352.67,1100.34,489.1,3484.11,1.549,8969.67,3.987,1.77,39.78,30319.04,68203044.61,50670.98,113984975.29,20351.94
2025-11-20,2391.81,2550.0,93.8,93.27,0.74,Normal,1663.52,695.5,10812848.9,1164.8,487.0,3468.56,1.45,9313.18,3.894,1.74,41.54,30976.19,74089235.16,50693.22,121248693.76,19717.04
2025-11-21,2189.4,2557.98,85.59,92.0,2.18,Minor Stoppage,1499.75,685.0,9748373.76,1088.47,497.2,3285.7,1.501,7700.74,3.517,1.87,41.05,30365.71,66482614.53,50998.61,111656230.52,20632.9
2025-11-22,2493.44,2549.75,97.79,92.78,0.37,Normal,1631.14,654.2,10614963.38,1295.68,519.6,3957.79,1.587,10942.36,4.388,1.31,32.72,29811.44,74333173.18,51053.07,127297987.14,21241.63
2025-11-23,2341.86,2543.4,92.08,93.51,0.42,Normal,1545.46,659.9,10045475.88,1149.61,490.9,3227.57,1.378,9622.5,4.109,1.04,24.27,30693.38,71879543.24,50982.01,119392647.11,20288.63
2025-11-24,2298.47,2534.77,90.68,91.99,1.38,Normal,1582.86,688.7,10354537.97,1167.71,508.0,3375.24,1.468,8748.97,3.806,2.12,48.76,30936.09,71105819.34,50879.94,116946263.28,19943.85
2025-11-25,2234.59,2549.64,87.64,92.87,1.1,Normal,1598.91,715.5,10467646.28,1123.97,503.0,3679.89,1.647,8527.71,3.816,1.0,22.35,31105.96,69509037.3,50927.02,113800951.51,19821.06
2025-11-26,1874.51,2526.96,74.18,91.03,5.7,Minor Stoppage,1367.32,729.4,8938767.31,926.98,494.5,2888.29,1.541,7909.2,4.219,2.14,40.13,30594.89,57350486.5,50963.45,95531595.52,20368.56
2025-11-27,2430.75,2549.92,95.33,92.34,0.69,Normal,1614.59,664.2,10535895.23,1230.0,506.0,3500.46,1.44,10003.28,4.115,1.48,35.94,30636.21,74468914.68,50870.89,123654341.51,20234.68
2025-11-28,2439.94,2557.54,95.4,92.96,0.5,Normal,1686.43,691.2,11053608.63,1223.62,501.5,3733.14,1.53,10073.7,4.129,1.63,39.85,30451.65,74300210.58,51003.72,124446039.86,20552.07
2025-11-29,2148.88,2523.6,85.15,93.25,1.87,Minor Stoppage,1478.25,687.9,9749290.12,1095.52,509.8,3133.19,1.458,8916.94,4.15,1.0,21.49,29964.91,64390890.95,50920.54,109421970.4,20955.64
2025-11-30,2306.4,2560.89,90.06,94.46,0.7,Normal,1603.54,695.3,10528491.79,1153.46,500.1,3428.27,1.486,8360.45,3.625,1.06,24.37,30422.14,70165756.71,51036.65,117711150.58,20614.51
2025-12-01,1914.33,2548.8,75.11,91.73,4.75,Minor Stoppage,1268.18,662.5,8310679.13,970.15,506.8,2723.67,1.423,7623.07,3.982,2.26,43.18,31074.95,59487738.52,50842.76,97329875.42,19767.81
2025-12-02,1787.2,2549.54,70.1,91.29,6.76,Unplanned Breakdown,1196.63,669.6,7825081.43,868.18,485.8,2791.01,1.562,6677.96,3.737,2.36,42.13,30816.1,55074629.47,50637.78,90499996.9,19821.68
2025-12-03,1817.88,2551.58,71.25,91.47,6.88,Unplanned Breakdown,1302.6,716.5,8483713.35,913.2,502.3,2755.58,1.516,6894.71,3.793,1.0,18.18,29934.7,54417690.93,50595.18,91975945.61,20660.47
2025-12-04,1903.22,2530.63,75.21,91.57,5.18,Unplanned Breakdown,1373.73,721.8,8935824.96,925.35,486.2,2683.45,1.41,7091.29,3.726,1.45,27.61,30524.11,58094103.04,50646.22,96390926.37,20122.12
2025-12-05,2261.69,2571.1,87.97,92.3,1.87,Minor Stoppage,1596.42,705.9,10387076.69,1174.54,519.3,2998.46,1.326,8651.28,3.825,2.15,48.62,30660.27,69343937.75,50657.82,114572113.72,19997.54
2025-12-06,2497.91,2562.24,97.49,92.31,0.15,Normal,1636.28,655.1,10635838.55,1260.49,504.6,3748.12,1.501,9035.24,3.617,1.73,43.32,30943.04,77293042.08,50632.43,126475450.39,19689.39
2025-12-07,2399.2,2576.78,93.11,92.87,0.59,Normal,1614.58,673.0,10494759.35,1162.97,484.7,3370.31,1.405,10152.18,4.231,1.64,39.34,30484.79,73138969.38,50610.37,121424163.45,20125.58
2025-12-08,1610.85,2569.84,62.68,89.68,8.4,Unplanned Breakdown,1067.04,662.4,6962221.04,809.51,502.5,2348.56,1.458,6162.47,3.826,2.43,39.21,30278.23,48773725.69,50559.8,81444318.62,20281.57
2025-12-09,2356.64,2543.11,92.67,94.24,1.31,Normal,1589.56,674.5,10350149.04,1223.3,519.1,3739.67,1.587,9335.62,3.961,1.31,30.83,30160.38,71077231.86,50321.54,118589874.71,20161.16
2025-12-10,2436.17,2555.97,95.31,93.37,1.05,Normal,1663.14,682.7,10810399.91,1182.57,485.4,3597.17,1.477,8149.52,3.345,1.52,37.02,30033.52,73166857.24,50395.16,122771342.23,20361.64
2025-12-11,2188.03,2528.04,86.55,92.79,2.93,Minor Stoppage,1418.9,648.5,9265422.05,1138.5,520.3,3258.1,1.489,8409.57,3.843,1.44,31.45,30525.91,66791589.08,50539.37,110581629.55,20013.46
2025-12-12,2029.15,2526.31,80.32,92.59,3.85,Minor Stoppage,1402.18,691.0,9169821.37,981.41,483.7,3026.8,1.492,7717.45,3.803,1.56,31.68,30192.99,61265957.13,50754.53,102988311.81,20561.54
2025-12-13,1894.99,2572.88,73.65,91.73,5.93,Unplanned Breakdown,1243.31,656.1,8081541.73,912.57,481.6,2749.31,1.451,7174.25,3.786,2.03,38.54,30274.87,57370437.96,50888.01,96432034.57,20613.14
2025-12-14,2374.47,2560.2,92.75,93.98,0.88,Normal,1600.55,674.1,10525253.26,1130.24,476.0,3742.63,1.576,10500.61,4.422,1.12,26.59,31016.01,73646581.77,51034.14,121179035.05,20018.13
2025-12-15,2311.09,2557.04,90.38,92.95,0.72,Normal,1520.38,657.9,10018117.17,1136.81,491.9,3198.37,1.384,9288.01,4.019,1.81,41.93,30900.12,71412870.45,51029.88,117934503.16,20129.76
2025-12-16,2450.71,2571.63,95.3,93.42,0.29,Normal,1733.92,707.5,11462897.88,1225.15,499.9,3571.55,1.457,9592.03,3.914,1.46,35.79,30368.23,74423678.95,50911.54,124769349.67,20543.31
2025-12-17,2401.59,2530.64,94.9,94.47,0.49,Normal,1722.46,717.2,11409058.92,1239.25,516.0,3076.12,1.281,10318.5,4.297,1.19,28.65,31003.55,74457698.89,50844.41,122107233.43,19840.86
2025-12-18,2440.84,2556.19,95.49,93.59,0.44,Normal,1665.79,682.5,11058338.62,1199.95,491.6,3850.74,1.578,10018.91,4.105,1.11,27.09,30541.67,74547470.05,50691.14,123729208.11,20149.47
2025-12-19,2224.12,2554.32,87.07,93.07,2.36,Minor Stoppage,1573.99,707.7,10454845.84,1080.48,485.8,3278.18,1.474,9113.55,4.098,1.91,42.39,30480.27,67791883.04,50651.95,112656189.61,20171.68
2025-12-20,2434.2,2533.31,96.09,93.58,0.34,Normal,1605.14,659.4,10681044.11,1172.48,481.7,3709.42,1.524,9260.55,3.804,1.48,36.1,30752.54,74857813.7,50901.36,123904069.77,20148.82
2025-12-21,2391.87,2544.88,93.99,93.71,0.74,Normal,1455.02,608.3,9742859.15,1216.72,508.7,3887.87,1.625,10433.2,4.362,1.0,23.92,30788.33,73641552.72,50879.48,121696891.86,20091.15
2025-12-22,2431.6,2561.24,94.94,93.78,0.93,Normal,1734.55,713.3,11581414.91,1201.24,494.0,3359.78,1.382,9429.97,3.878,1.11,27.07,29943.58,72810796.29,50962.0,123919174.43,21018.42
2025-12-23,2541.38,2570.75,98.86,93.09,0.08,Normal,1648.51,648.7,11009610.84,1266.2,498.2,3710.69,1.46,9561.17,3.762,2.22,56.32,30478.55,77457434.1,50840.42,129204578.47,20361.87
2025-12-24,2338.46,2560.72,91.32,92.54,0.56,Normal,1603.11,685.5,10623989.96,1171.5,501.0,3605.71,1.542,9120.06,3.9,1.51,35.3,30212.16,70649948.5,50827.07,118857119.81,20614.91
2025-12-25,2361.57,2569.19,91.92,92.93,1.04,Normal,1668.73,706.6,11075477.24,1136.1,481.1,3346.6,1.417,9952.1,4.214,1.0,23.62,30581.46,72220309.13,50873.67,120141821.82,20292.21
2025-12-26,2284.54,2553.61,89.46,92.67,1.63,Minor Stoppage,1517.27,664.1,10044250.56,1112.43,486.9,3384.67,1.482,9215.76,4.034,2.03,46.43,30497.03,69671731.53,50855.54,116181570.6,20358.5
2025-12-27,2194.89,2560.65,85.72,92.94,2.6,Minor Stoppage,1462.99,666.5,9690725.42,1099.84,501.1,3034.97,1.383,7808.84,3.558,1.85,40.5,30614.37,67195135.4,50808.72,111519489.17,20194.35
2025-12-28,2317.85,2563.03,90.43,93.11,1.04,Normal,1660.38,716.3,10932382.87,1139.17,491.5,3415.33,1.473,8970.87,3.87,1.0,23.18,30641.95,71023587.2,50811.5,117773683.19,20169.55
2025-12-29,2374.06,2567.75,92.46,93.45,0.32,Normal,1651.98,695.8,10874759.73,1183.92,498.7,3529.9,1.487,9910.28,4.174,1.15,27.2,30071.52,71391665.19,50847.71,120715657.59,20776.2
2025-12-30,2268.08,2540.46,89.28,92.19,1.63,Minor Stoppage,1580.11,696.7,10502705.29,1117.06,492.5,3754.53,1.655,8081.61,3.563,1.48,33.53,30500.06,69176578.3,50651.9,114882551.28,20151.84
2025-12-31,1587.12,2522.4,62.92,89.81,8.4,Unplanned Breakdown,1117.72,704.2,7453683.91,840.27,529.4,2532.0,1.595,6299.08,3.969,2.57,40.76,29791.97,47283487.19,50496.22,80143674.93,20704.26
